股票代码,股票名称,日期,收盘价,融合分,放量突破,均线粘合,量价背离,抄底,主力建仓,主导策略
000001,平安银行,2024-01-29,8.41,27.2,4.7,5.2,0.0,5.4,2.7,放
000001,平安银行,2024-01-30,8.24,21.6,0.9,5.1,1.8,4.3,4.6,放
000001,平安银行,2024-02-06,8.39,25.5,3.9,4.9,2.0,5.1,2.9,放
000001,平安银行,2024-02-07,8.33,22.4,4.4,5.3,2.2,4.5,2.4,放
000001,平安银行,2024-02-08,8.39,22.3,3.6,6.0,1.5,4.5,2.4,放
000001,平安银行,2024-02-19,8.51,24.6,2.1,5.9,4.7,4.9,3.5,放
000001,平安银行,2024-02-20,8.52,23.0,2.6,4.4,0.7,4.6,2.6,放
000001,平安银行,2024-02-21,9.37,34.1,6.0,3.4,2.9,6.8,3.1,放
000001,平安银行,2024-02-22,9.45,31.7,5.4,3.4,2.5,6.3,2.7,放
000001,平安银行,2024-02-23,9.41,26.5,4.7,6.0,1.7,5.3,1.9,放
000001,平安银行,2024-02-26,9.13,24.0,1.0,5.3,1.6,4.8,4.8,放
000001,平安银行,2024-02-27,9.11,21.3,0.7,3.5,1.1,4.3,4.3,放
000001,平安银行,2024-02-28,9.1,24.6,1.1,6.1,1.8,4.9,4.8,放
000001,平安银行,2024-02-29,9.18,22.5,1.3,4.5,1.0,4.5,3.8,放
000001,平安银行,2024-03-01,9.1,23.2,0.9,5.2,1.1,4.6,4.2,放
000001,平安银行,2024-03-04,8.96,23.3,0.9,5.2,1.3,4.7,4.2,放
000001,平安银行,2024-03-15,9.19,29.1,2.5,3.3,2.5,5.8,4.9,放
000001,平安银行,2024-03-26,9.19,25.9,2.8,3.4,4.7,5.2,3.7,放
000001,平安银行,2024-04-17,9.21,30.0,5.0,3.4,2.5,6.0,2.1,放
000001,平安银行,2024-04-18,9.37,31.3,5.2,3.4,5.8,6.3,2.8,放
000001,平安银行,2024-04-19,9.27,23.8,4.2,5.0,1.1,4.8,1.9,放
000001,平安银行,2024-04-22,9.11,23.6,1.1,6.4,2.0,4.7,5.0,放
000001,平安银行,2024-04-23,9.14,21.9,0.7,4.1,1.2,4.4,4.3,放
000001,平安银行,2024-04-24,9.13,20.9,0.6,3.5,1.0,4.2,4.1,放
000001,平安银行,2024-04-25,9.2,24.4,1.8,5.5,1.0,4.9,3.5,放
000001,平安银行,2024-04-26,9.19,20.6,1.8,5.6,1.6,4.1,4.3,放
000001,平安银行,2024-04-29,9.37,30.0,4.0,3.3,1.7,6.0,3.3,放
000001,平安银行,2024-05-06,9.44,21.9,3.6,5.9,1.2,4.4,2.9,放
000001,平安银行,2024-05-10,9.49,24.0,1.9,4.8,1.3,4.8,4.2,放
000001,平安银行,2024-05-13,9.51,20.9,3.1,6.2,0.9,4.2,2.9,放
000001,平安银行,2024-05-16,9.69,29.4,3.7,3.3,2.6,5.9,4.2,放
000001,平安银行,2024-05-17,9.9,29.6,5.1,3.3,2.2,5.9,2.1,放
000001,平安银行,2024-05-20,9.87,25.9,4.6,6.1,1.6,5.2,1.4,放
000001,平安银行,2024-05-21,10.02,24.6,3.9,6.1,1.3,4.9,2.5,放
000001,平安银行,2024-05-22,10.03,24.1,2.0,5.7,1.4,4.8,3.9,放
000001,平安银行,2024-05-23,9.89,23.7,1.1,5.5,1.4,4.7,4.5,放
000001,平安银行,2024-05-24,9.81,21.0,0.8,4.8,1.2,4.2,4.3,放
000001,平安银行,2024-05-27,9.98,23.7,1.0,5.4,1.0,4.7,4.3,放
000001,平安银行,2024-05-28,9.89,23.1,0.9,5.0,0.9,4.6,4.1,放
000001,平安银行,2024-07-01,9.62,25.0,3.9,3.6,2.0,5.0,3.1,放
000001,平安银行,2024-07-02,9.66,25.6,3.7,4.5,1.9,5.1,3.1,放
000001,平安银行,2024-07-12,9.58,23.9,3.5,4.8,1.9,4.8,3.2,放
000001,平安银行,2024-07-15,9.6,21.8,2.6,6.2,4.4,4.4,3.1,放
000001,平安银行,2024-07-16,9.57,21.7,2.5,6.5,1.3,4.3,3.3,放
000001,平安银行,2024-07-17,9.66,26.8,2.1,5.1,1.5,5.4,4.2,放
000001,平安银行,2024-07-18,9.67,25.4,1.8,6.5,1.2,5.1,4.0,放
000001,平安银行,2024-07-19,9.64,23.0,1.6,5.9,1.0,4.6,3.9,放
000001,平安银行,2024-08-16,9.41,22.9,3.6,3.3,6.8,4.6,3.9,放
000001,平安银行,2024-08-19,9.56,26.5,4.9,3.4,2.5,5.3,2.9,放
000001,平安银行,2024-08-20,9.61,26.5,4.2,3.9,2.4,5.3,3.4,放
000001,平安银行,2024-08-21,9.62,22.1,2.8,5.6,1.4,4.4,3.2,放
000001,平安银行,2024-08-22,9.64,23.2,1.7,5.7,1.5,4.6,4.2,放
000001,平安银行,2024-08-23,9.73,24.4,2.0,5.7,1.4,4.9,3.9,放
000001,平安银行,2024-08-26,9.75,22.8,1.9,4.4,0.9,4.6,3.4,放
000001,平安银行,2024-08-27,9.69,23.7,1.3,5.1,1.1,4.7,3.9,放
000001,平安银行,2024-09-20,9.2,20.8,3.2,4.6,2.3,4.2,3.0,放
000001,平安银行,2024-09-23,9.33,25.8,3.8,4.5,2.2,5.2,2.6,放
000001,平安银行,2024-09-24,9.64,33.3,5.4,3.3,6.2,6.7,2.0,放
000001,平安银行,2024-09-25,9.76,32.5,5.4,3.3,2.6,6.5,2.4,放
000001,平安银行,2024-09-26,10.36,32.8,5.5,3.4,2.6,6.6,3.1,放
000001,平安银行,2024-09-27,10.61,31.2,5.3,3.4,2.5,6.2,3.3,放
000001,平安银行,2024-09-30,11.35,31.4,5.4,3.4,2.6,6.3,3.3,放
000001,平安银行,2024-10-08,11.97,29.3,5.2,3.7,2.4,5.9,3.3,放
000001,平安银行,2024-10-09,10.85,25.0,3.1,6.1,2.3,5.0,4.4,放
000001,平安银行,2024-10-10,11.38,23.2,1.2,4.8,1.7,4.6,5.1,放
000001,平安银行,2024-10-11,11.13,20.8,0.7,3.1,1.3,4.2,4.5,放
000001,平安银行,2024-10-14,11.41,22.2,4.2,4.2,1.3,4.4,1.3,放
000001,平安银行,2024-10-15,11.3,22.7,0.9,4.7,1.2,4.5,4.4,放
000001,平安银行,2024-10-16,11.45,23.4,3.4,5.2,1.2,4.7,2.4,放
000001,平安银行,2024-10-17,11.35,23.5,1.0,5.3,1.1,4.7,4.2,放
000001,平安银行,2024-10-18,11.43,26.9,2.4,5.0,1.6,5.4,3.8,放
000001,平安银行,2024-10-21,11.21,22.4,1.5,4.8,1.8,4.5,4.6,放
000001,平安银行,2024-11-05,11.06,20.5,3.3,5.5,2.1,4.1,2.8,放
000001,平安银行,2024-11-07,11.31,29.2,4.9,4.1,5.3,5.8,2.2,放
000001,平安银行,2024-11-08,11.13,22.2,1.8,5.8,2.2,4.4,4.2,放
000001,平安银行,2024-11-18,11.16,26.3,3.4,3.3,3.2,5.3,5.3,放
000001,平安银行,2024-12-06,11.07,28.2,3.0,3.3,1.6,5.6,3.8,放
000001,平安银行,2024-12-10,11.19,27.6,4.4,3.3,1.6,5.5,3.1,放
000001,平安银行,2024-12-12,11.25,20.3,2.1,4.8,0.5,4.1,3.1,放
000001,平安银行,2024-12-23,11.14,20.1,2.5,3.3,2.3,4.0,4.6,放
000001,平安银行,2024-12-24,11.26,20.3,3.4,5.1,4.7,4.1,3.2,放
000001,平安银行,2024-12-25,11.32,22.1,3.6,5.0,1.5,4.4,3.1,放
000001,平安银行,2024-12-30,11.35,21.3,1.4,6.3,1.3,4.3,4.5,放
000001,平安银行,2025-01-16,10.99,20.2,3.9,6.5,1.6,4.0,2.0,放
000001,平安银行,2025-01-23,10.75,20.1,1.6,3.7,3.2,4.0,4.9,放
000001,平安银行,2025-01-27,10.89,20.8,4.0,6.5,2.1,4.2,2.3,放
000001,平安银行,2025-02-07,10.81,20.5,1.5,4.5,5.7,4.1,4.9,放
000001,平安银行,2025-02-17,11.19,26.4,4.5,3.4,2.5,5.3,3.4,放
000001,平安银行,2025-02-18,11.21,24.8,3.8,4.3,2.3,5.0,3.5,放
000001,平安银行,2025-03-12,11.25,26.4,3.5,3.4,2.4,5.3,4.3,放
000001,平安银行,2025-03-13,11.24,20.3,3.2,5.1,1.5,4.1,3.3,放
000001,平安银行,2025-03-14,11.37,25.3,4.2,4.1,2.0,5.1,3.0,放
000001,平安银行,2025-04-17,10.5,21.5,2.2,6.0,5.0,4.3,3.5,放
000001,平安银行,2025-04-18,10.62,23.8,2.8,6.2,1.3,4.8,2.8,放
000001,平安银行,2025-05-13,10.72,21.9,2.9,5.5,2.3,4.4,3.7,放
000001,平安银行,2025-05-14,10.85,28.2,3.7,3.8,2.4,5.6,3.8,放
000001,平安银行,2025-05-15,10.81,22.4,2.7,5.9,1.3,4.5,3.2,放
000001,平安银行,2025-05-16,10.81,21.3,1.6,5.2,1.1,4.3,3.9,放
000001,平安银行,2025-05-21,10.9,23.7,2.3,4.0,1.8,4.7,4.3,放
000001,平安银行,2025-05-22,10.97,20.8,2.5,6.2,1.2,4.2,3.5,放
000001,平安银行,2025-06-03,11.21,28.4,4.2,3.3,2.6,5.7,4.0,放
000001,平安银行,2025-06-04,11.24,20.3,3.9,6.4,1.0,4.1,2.3,放
000001,平安银行,2025-06-10,11.21,21.7,2.5,4.2,1.6,4.3,4.0,放
000001,平安银行,2025-06-11,11.25,20.3,2.3,6.2,1.0,4.1,3.6,放
000001,平安银行,2025-06-12,11.44,27.0,3.8,5.2,1.3,5.4,2.8,放
000001,平安银行,2025-06-16,11.55,22.0,3.3,6.4,1.1,4.4,2.8,放
000001,平安银行,2025-06-20,11.59,25.6,2.1,4.4,1.4,5.1,4.3,放
000001,平安银行,2025-06-23,11.68,25.3,2.7,4.2,1.5,5.1,3.9,放
000001,平安银行,2025-06-24,11.68,22.6,3.0,5.4,1.3,4.5,3.3,放
000001,平安银行,2025-06-25,11.81,24.5,3.0,4.7,1.8,4.9,3.7,放
000001,平安银行,2025-06-26,12.15,28.3,5.0,4.1,2.4,5.7,2.6,放
000001,平安银行,2025-06-27,11.95,25.3,3.4,4.4,2.6,5.1,3.9,放
000001,平安银行,2025-07-01,12.04,23.0,0.9,4.9,1.2,4.6,4.5,放
000001,平安银行,2025-07-02,12.06,22.6,1.6,4.6,1.0,4.5,3.7,放
000001,平安银行,2025-07-04,12.34,27.8,3.6,4.4,1.8,5.6,3.2,放
000001,平安银行,2025-07-07,12.51,26.1,4.4,5.8,1.4,5.2,2.1,放
000001,平安银行,2025-07-08,12.43,23.8,3.3,5.7,0.9,4.8,2.4,放
000001,平安银行,2025-07-09,12.57,24.6,2.7,6.3,1.0,4.9,3.1,放
000001,平安银行,2025-07-10,12.91,30.0,4.4,3.3,2.5,6.0,3.2,放
000001,平安银行,2025-07-11,12.64,28.8,3.0,3.9,2.6,5.8,4.0,放
000001,平安银行,2025-07-14,12.71,25.4,2.1,6.4,1.8,5.1,4.0,放
000001,平安银行,2025-08-25,12.19,27.5,4.8,3.3,2.8,5.5,4.0,放
000001,平安银行,2025-10-14,11.33,20.3,3.0,3.3,3.4,4.1,4.4,放
000001,平安银行,2025-10-16,11.54,21.7,3.9,6.4,1.6,4.3,2.4,放
000001,平安银行,2025-10-23,11.63,25.6,3.1,4.1,1.7,5.1,3.5,放
000001,平安银行,2025-10-24,11.56,20.3,2.1,6.6,1.2,4.1,3.6,放
000001,平安银行,2025-11-04,11.59,20.0,3.1,3.9,2.0,4.0,3.6,放
000001,平安银行,2025-11-12,11.68,22.0,2.4,4.6,1.5,4.4,3.9,放
000001,平安银行,2025-11-13,11.7,20.6,1.7,6.2,1.1,4.1,4.0,放
000001,平安银行,2025-11-14,11.75,20.3,2.0,4.8,1.9,4.1,4.4,放
000001,平安银行,2025-11-20,11.85,20.2,2.8,4.2,2.4,4.0,4.1,放
000001,平安银行,2026-01-06,11.67,21.5,3.2,3.3,2.5,4.3,4.1,放
000001,平安银行,2026-03-17,11.03,21.4,2.2,4.6,2.5,4.3,4.4,放
000001,平安银行,2026-03-24,10.88,26.8,1.7,3.4,2.9,5.4,5.4,放
000001,平安银行,2026-03-25,10.94,22.1,2.1,4.6,1.0,4.4,3.2,放
000001,平安银行,2026-03-26,10.94,22.5,4.2,4.9,1.1,4.5,1.3,放
000001,平安银行,2026-03-27,11.02,23.9,2.0,5.2,1.0,4.8,3.6,放
000001,平安银行,2026-03-30,10.99,23.0,1.1,4.5,4.0,4.6,3.8,放
000001,平安银行,2026-03-31,11.08,29.0,2.6,4.2,1.7,5.8,3.9,放
000001,平安银行,2026-04-01,11.15,26.2,2.2,6.4,1.2,5.2,3.7,放
000001,平安银行,2026-04-02,11.27,27.6,3.5,5.3,1.6,5.5,3.1,放
000001,平安银行,2026-04-03,11.12,24.4,1.2,5.4,1.1,4.9,4.0,放
000002,万科A,2024-01-29,10.06,26.6,4.5,6.5,0.0,5.3,1.5,放
000002,万科A,2024-01-30,9.79,24.1,0.8,4.4,1.4,4.8,4.4,放
000002,万科A,2024-01-31,9.6,23.1,0.7,3.8,1.5,4.6,4.2,放
000002,万科A,2024-02-01,9.44,21.3,0.7,4.3,1.7,4.3,4.2,放
000002,万科A,2024-02-02,9.49,26.7,1.2,6.0,2.2,5.3,4.6,放
000002,万科A,2024-02-06,9.51,23.4,2.0,4.9,2.5,4.7,4.2,放
000002,万科A,2024-02-07,9.52,23.4,1.6,5.2,2.5,4.7,4.5,放
000002,万科A,2024-02-08,10.06,28.2,4.8,5.2,2.1,5.6,1.6,放
000002,万科A,2024-02-19,9.84,27.8,4.2,5.7,2.3,5.6,2.6,放
000002,万科A,2024-02-20,9.9,24.8,4.2,5.2,4.7,5.0,1.7,放
000002,万科A,2024-02-21,10.21,29.9,2.9,4.1,2.4,6.0,4.3,放
000002,万科A,2024-02-22,10.15,24.4,3.5,4.8,0.9,4.9,2.2,放
000002,万科A,2024-02-23,10.2,24.9,3.5,5.2,0.9,5.0,2.3,放
000002,万科A,2024-02-26,9.98,26.4,1.1,6.4,1.5,5.3,4.5,放
000002,万科A,2024-02-27,10.06,24.0,0.9,4.9,0.9,4.8,4.2,放
000002,万科A,2024-02-28,9.93,25.6,1.4,5.2,1.9,5.1,4.6,放
000002,万科A,2024-03-11,9.46,22.2,2.6,4.9,2.9,4.4,3.9,放
000002,万科A,2024-03-12,10.0,35.0,5.7,3.3,3.1,7.0,2.8,放
000002,万科A,2024-03-13,9.69,27.4,4.6,6.0,2.1,5.5,1.6,放
000002,万科A,2024-03-14,9.71,24.6,3.1,4.9,4.9,4.9,2.7,放
000002,万科A,2024-04-26,6.87,36.7,5.4,3.0,4.1,7.3,2.8,放
000002,万科A,2024-04-29,7.56,35.6,5.4,3.2,3.7,7.1,2.5,放
000002,万科A,2024-04-30,7.41,35.2,5.3,3.2,6.9,7.0,2.8,放
000002,万科A,2024-05-06,7.46,30.2,4.7,5.5,3.0,6.0,2.2,放
000002,万科A,2024-05-07,7.52,27.1,1.0,5.5,2.3,5.4,5.0,放
000002,万科A,2024-05-08,7.2,24.6,0.7,3.8,1.9,4.9,4.4,放
000002,万科A,2024-05-09,7.3,25.9,0.9,4.9,1.9,5.2,4.6,放
000002,万科A,2024-05-10,7.56,28.3,1.8,5.9,2.2,5.7,4.6,放
000002,万科A,2024-05-13,7.42,24.3,3.3,4.4,0.8,4.9,2.1,放
000002,万科A,2024-05-14,7.46,23.6,2.7,5.0,0.8,4.7,2.7,放
000002,万科A,2024-05-15,7.73,28.6,3.6,3.8,1.9,5.7,3.6,放
000002,万科A,2024-05-16,8.18,30.9,5.3,3.3,2.5,6.2,2.2,放
000002,万科A,2024-05-17,9.0,32.6,5.7,3.4,2.7,6.5,2.7,放
000002,万科A,2024-05-20,9.18,29.0,5.1,4.1,2.3,5.8,2.4,放
000002,万科A,2024-05-21,9.19,23.2,4.3,4.5,1.0,4.6,1.3,放
000002,万科A,2024-05-22,9.4,25.4,4.6,6.4,1.7,5.1,2.2,放
000002,万科A,2024-05-23,9.56,24.0,4.5,5.4,1.4,4.8,2.0,放
000002,万科A,2024-05-24,8.99,23.3,1.0,4.8,1.4,4.7,4.5,放
000002,万科A,2024-05-27,8.87,22.3,0.8,4.1,1.2,4.5,4.1,放
000002,万科A,2024-05-28,8.52,23.0,0.9,4.9,1.5,4.6,4.2,放
000002,万科A,2024-05-29,8.58,22.1,0.8,4.5,1.2,4.4,4.0,放
000002,万科A,2024-06-04,8.36,23.3,2.3,5.1,1.8,4.7,3.5,放
000002,万科A,2024-06-14,7.94,23.4,1.4,4.9,2.3,4.7,4.3,放
000002,万科A,2024-07-01,7.29,31.7,2.8,3.4,3.1,6.3,4.0,放
000002,万科A,2024-07-02,7.13,21.0,2.7,6.3,2.3,4.2,3.3,放
000002,万科A,2024-07-03,7.16,20.9,3.8,5.7,2.1,4.2,2.2,放
000002,万科A,2024-07-12,6.95,28.3,4.5,4.3,3.1,5.7,2.5,放
000002,万科A,2024-07-16,6.92,22.3,2.3,5.5,1.8,4.5,3.2,放
000002,万科A,2024-07-17,7.12,28.9,3.5,4.7,5.9,5.8,3.2,放
000002,万科A,2024-07-18,7.14,24.4,4.2,5.0,0.9,4.9,1.2,放
000002,万科A,2024-07-19,7.06,26.4,2.8,6.5,1.4,5.3,3.0,放
000002,万科A,2024-07-22,6.98,23.9,0.8,4.7,1.2,4.8,4.0,放
000002,万科A,2024-07-31,7.09,32.4,5.1,3.4,2.6,6.5,2.5,放
000002,万科A,2024-08-01,6.9,23.3,3.9,5.6,5.5,4.7,2.5,放
000002,万科A,2024-08-08,6.92,24.8,3.4,3.5,2.9,5.0,3.6,放
000002,万科A,2024-08-09,7.18,33.6,5.5,3.4,6.0,6.7,3.2,放
000002,万科A,2024-08-30,6.76,35.6,6.4,3.3,3.8,7.1,3.0,放
000002,万科A,2024-09-02,6.42,24.2,4.2,4.2,2.8,4.8,3.1,放
000002,万科A,2024-09-03,6.52,26.1,4.4,6.1,2.2,5.2,1.7,放
000002,万科A,2024-09-04,6.46,22.4,1.0,5.7,5.7,4.5,4.7,放
000002,万科A,2024-09-05,6.59,24.4,3.0,4.3,1.8,4.9,2.7,放
000002,万科A,2024-09-18,6.49,24.9,4.2,3.3,2.3,5.0,2.9,放
000002,万科A,2024-09-19,6.77,34.5,5.9,3.4,5.8,6.9,2.5,放
000002,万科A,2024-09-20,6.89,29.1,4.9,4.3,1.6,5.8,1.8,放
000002,万科A,2024-09-23,6.93,25.0,4.4,5.8,1.0,5.0,1.3,放
000002,万科A,2024-09-24,7.12,29.8,5.0,3.7,2.3,6.0,2.5,放
000002,万科A,2024-09-25,7.31,29.8,5.1,3.7,2.4,6.0,2.7,放
000002,万科A,2024-09-26,8.04,31.4,5.4,3.4,2.6,6.3,3.2,放
000002,万科A,2024-09-27,8.84,31.7,5.6,3.4,2.6,6.3,3.3,放
000002,万科A,2024-09-30,9.72,27.3,5.1,5.7,2.0,5.5,2.7,放
000002,万科A,2024-10-08,10.38,30.8,5.7,3.3,2.6,6.2,3.3,放
000002,万科A,2024-10-09,9.34,23.2,4.4,4.9,1.6,4.6,2.0,放
000002,万科A,2024-10-10,9.12,22.2,1.0,4.1,1.6,4.4,4.9,放
000002,万科A,2024-10-11,9.1,20.9,0.8,3.1,1.3,4.2,4.4,放
000002,万科A,2024-10-14,9.34,22.2,0.9,4.1,1.3,4.4,4.6,放
000002,万科A,2024-10-15,9.2,22.4,1.6,4.3,1.1,4.5,3.6,放
000002,万科A,2024-10-16,10.0,28.8,5.2,3.5,1.8,5.8,1.7,放
000002,万科A,2024-10-17,9.21,24.1,1.5,5.0,1.8,4.8,4.7,放
000002,万科A,2024-10-28,9.39,22.8,2.0,4.6,1.4,4.6,3.7,放
000002,万科A,2024-11-05,9.34,20.5,1.8,6.1,2.1,4.1,3.9,放
000002,万科A,2024-11-06,9.5,28.4,4.8,4.5,5.9,5.7,1.9,放
000002,万科A,2024-11-07,9.89,31.1,5.2,3.4,2.5,6.2,1.8,放
000002,万科A,2024-11-08,9.51,27.3,2.8,5.7,2.5,5.5,3.6,放
000002,万科A,2024-11-29,8.6,23.0,3.9,4.5,2.3,4.6,2.3,放
000002,万科A,2024-12-02,8.68,23.3,3.4,6.3,1.9,4.7,2.2,放
000002,万科A,2024-12-03,8.74,26.0,3.7,6.5,5.2,5.2,2.0,放
000002,万科A,2024-12-06,8.68,24.5,1.4,5.2,2.1,4.9,4.3,放
000002,万科A,2024-12-10,8.58,22.9,2.6,3.3,3.8,4.6,5.1,放
000002,万科A,2025-01-14,6.91,23.3,1.3,5.6,2.7,4.7,4.7,放
000002,万科A,2025-01-16,6.88,20.7,2.6,6.3,2.6,4.1,3.5,放
000002,万科A,2025-01-20,6.85,26.2,1.7,3.2,3.5,5.2,6.1,放
000002,万科A,2025-01-21,7.36,35.7,5.7,3.3,6.6,7.1,3.3,放
000002,万科A,2025-01-22,7.02,27.1,4.5,6.5,2.5,5.4,2.4,放
000002,万科A,2025-01-23,7.36,27.8,4.6,6.1,2.1,5.6,2.8,放
000002,万科A,2025-01-24,7.39,24.2,1.1,4.4,1.2,4.8,4.6,放
000002,万科A,2025-01-27,7.27,23.2,3.6,3.8,1.3,4.6,2.2,放
000002,万科A,2025-02-05,6.97,25.6,1.0,6.0,2.1,5.1,4.9,放
000002,万科A,2025-02-06,7.02,23.5,0.8,4.5,1.6,4.7,4.4,放
000002,万科A,2025-02-07,7.42,28.5,3.2,4.7,1.5,5.7,3.7,放
000002,万科A,2025-02-10,7.42,23.7,4.3,5.2,0.8,4.7,1.0,放
000002,万科A,2025-02-12,7.96,30.2,5.2,3.4,5.2,6.0,1.8,放
000002,万科A,2025-02-13,7.97,32.1,5.4,3.3,2.5,6.4,2.4,放
000002,万科A,2025-02-14,7.81,24.5,4.3,5.5,1.2,4.9,1.1,放
000002,万科A,2025-02-17,7.68,23.4,0.8,4.5,1.2,4.7,4.2,放
000002,万科A,2025-02-18,7.52,22.7,0.7,4.0,1.3,4.5,4.1,放
000002,万科A,2025-02-19,7.65,22.7,0.7,4.1,1.1,4.5,4.0,放
000002,万科A,2025-02-21,7.62,25.7,2.3,6.4,1.3,5.1,3.2,放
000002,万科A,2025-02-24,7.82,29.9,3.6,3.3,1.7,6.0,3.1,放
000002,万科A,2025-02-26,7.84,23.0,3.5,6.3,0.9,4.6,2.2,放
000002,万科A,2025-02-27,7.81,20.6,0.9,5.4,4.1,4.1,4.1,放
000002,万科A,2025-02-28,7.75,21.2,2.1,5.3,1.5,4.2,4.0,放
000002,万科A,2025-03-03,7.79,20.8,1.1,6.2,1.0,4.2,4.2,放
000002,万科A,2025-03-06,7.77,20.8,1.3,6.0,1.2,4.2,4.3,放
000002,万科A,2025-03-14,7.54,22.5,3.0,3.3,2.3,4.5,3.3,放
000002,万科A,2025-03-17,7.56,21.2,2.8,4.8,2.0,4.2,3.2,放
000002,万科A,2025-04-08,6.8,23.0,1.4,4.6,3.1,4.6,5.3,放
000002,万科A,2025-04-09,7.06,30.4,1.6,4.0,3.2,6.1,5.5,放
000002,万科A,2025-04-10,7.2,29.3,4.8,4.9,2.9,5.9,2.2,放
000002,万科A,2025-04-11,7.08,25.4,4.2,5.2,2.2,5.1,2.1,放
000002,万科A,2025-04-14,7.05,23.5,0.6,3.7,4.9,4.7,4.3,放
000002,万科A,2025-04-15,6.99,23.3,0.6,3.6,1.6,4.7,4.2,放
000002,万科A,2025-04-16,7.04,24.5,0.8,4.6,1.6,4.9,4.3,放
000002,万科A,2025-04-17,7.2,34.8,4.0,3.3,3.2,7.0,4.4,放
000002,万科A,2025-04-18,7.31,28.8,4.8,5.0,1.9,5.8,1.9,放
000002,万科A,2025-04-21,7.18,25.4,2.7,6.2,1.6,5.1,3.3,放
000002,万科A,2025-07-02,6.5,25.8,3.3,3.3,3.2,5.2,4.1,放
000002,万科A,2025-07-07,6.52,20.2,1.7,4.8,2.6,4.0,4.7,放
000002,万科A,2025-07-10,6.76,33.9,5.4,3.4,2.7,6.8,4.0,放
000002,万科A,2025-07-11,6.76,26.9,3.9,5.6,1.5,5.4,3.3,放
000002,万科A,2025-07-14,6.66,23.9,2.5,5.7,1.4,4.8,3.6,放
000002,万科A,2025-07-22,6.7,22.4,3.7,3.3,1.9,4.5,3.5,放
000002,万科A,2025-07-23,6.72,21.7,3.8,3.3,2.0,4.3,3.6,放
000002,万科A,2025-07-24,6.81,25.3,4.3,3.7,5.2,5.1,3.0,放
000002,万科A,2025-08-15,6.53,20.1,2.5,3.3,2.9,4.0,4.3,放
000002,万科A,2025-08-25,7.16,34.3,6.7,3.4,3.2,6.9,3.3,放
000002,万科A,2025-08-26,6.99,28.6,4.9,4.3,1.9,5.7,3.0,放
000002,万科A,2025-08-27,6.74,23.1,3.2,5.5,1.9,4.6,3.5,放
000002,万科A,2025-09-08,6.76,24.2,3.8,4.6,2.0,4.8,2.8,放
000002,万科A,2025-09-09,6.86,28.3,4.7,5.2,1.6,5.7,1.1,放
000002,万科A,2025-09-10,6.86,24.9,4.3,5.4,1.2,5.0,1.3,放
000002,万科A,2025-09-11,6.83,23.9,1.8,5.7,4.6,4.8,3.4,放
000002,万科A,2025-09-12,6.94,30.8,2.7,3.3,1.8,6.2,4.2,放
000002,万科A,2025-09-15,6.97,27.2,2.6,6.1,1.3,5.4,3.4,放
000002,万科A,2025-09-16,7.04,26.9,3.8,6.3,1.1,5.4,2.4,放
000002,万科A,2025-09-17,7.05,24.5,2.2,5.1,0.8,4.9,3.1,放
000002,万科A,2025-09-19,6.98,21.7,1.3,5.4,1.5,4.3,4.6,放
000002,万科A,2025-09-22,7.0,20.1,1.1,6.6,1.2,4.0,4.5,放
000002,万科A,2025-11-20,6.2,21.1,1.7,3.3,3.4,4.2,5.6,放
000002,万科A,2025-12-10,5.25,36.8,5.6,3.0,3.9,7.4,3.5,放
000002,万科A,2025-12-11,5.07,32.4,4.3,3.6,3.4,6.5,4.0,放
000002,万科A,2025-12-12,5.02,27.8,4.3,5.4,2.6,5.6,1.8,放
000002,万科A,2025-12-16,4.97,23.4,0.8,4.2,5.7,4.7,4.7,放
000002,万科A,2025-12-17,4.96,22.3,0.7,3.9,2.1,4.5,4.4,放
000002,万科A,2025-12-22,4.93,21.3,0.9,5.2,2.1,4.3,4.1,放
000002,万科A,2026-01-05,4.75,23.0,1.7,4.0,2.3,4.6,4.2,放
000002,万科A,2026-01-06,4.83,28.9,4.9,3.9,2.2,5.8,1.4,放
000002,万科A,2026-01-08,4.9,31.7,4.4,3.3,5.7,6.3,2.7,放
000002,万科A,2026-01-09,4.96,27.6,3.6,5.7,1.8,5.5,2.9,放
000002,万科A,2026-01-12,4.88,25.2,3.6,5.7,1.5,5.0,2.4,放
000002,万科A,2026-01-13,4.83,23.5,1.0,5.7,1.9,4.7,4.5,放
000002,万科A,2026-01-15,4.85,26.0,1.4,4.8,2.9,5.2,5.2,放
000002,万科A,2026-01-21,5.01,32.7,5.5,3.4,2.6,6.5,2.8,放
000002,万科A,2026-01-22,4.95,26.5,4.6,6.1,4.9,5.3,1.8,放
000002,万科A,2026-01-23,4.95,25.4,3.9,6.2,1.4,5.1,2.4,放
000002,万科A,2026-01-29,5.13,33.3,5.5,3.4,2.7,6.7,2.6,放
000002,万科A,2026-01-30,4.88,20.5,3.5,6.0,2.3,4.1,3.0,放
000002,万科A,2026-02-04,4.9,25.0,1.4,6.6,2.2,5.0,4.4,放
000002,万科A,2026-02-05,4.88,21.7,4.2,5.1,1.6,4.3,1.3,放
000002,万科A,2026-02-09,4.96,27.8,2.4,5.4,1.8,5.6,3.6,放
000002,万科A,2026-02-10,4.88,21.1,0.8,4.6,4.8,4.2,4.0,放
000002,万科A,2026-02-11,4.89,22.0,2.2,4.7,1.3,4.4,2.8,放
000002,万科A,2026-02-12,4.92,30.0,1.6,3.8,2.1,6.0,4.6,放
000002,万科A,2026-02-13,4.97,26.6,2.7,6.5,1.5,5.3,3.0,放
000002,万科A,2026-02-24,4.92,23.7,1.4,5.3,1.3,4.7,3.6,放
000002,万科A,2026-02-25,5.0,23.9,2.7,5.6,1.5,4.8,3.3,放
000002,万科A,2026-04-08,3.95,25.0,1.9,5.4,2.7,5.0,4.3,放
000002,万科A,2026-04-14,4.02,33.7,5.1,3.2,6.8,6.7,2.6,放
000002,万科A,2026-04-15,3.97,25.9,2.9,6.0,2.5,5.2,3.2,放
000002,万科A,2026-04-16,3.96,21.1,1.8,4.3,1.7,4.2,3.2,放
000002,万科A,2026-04-17,3.96,22.6,1.0,5.9,2.1,4.5,4.4,放
600127,金健米业,2024-01-29,6.46,24.2,2.8,5.5,0.0,4.8,3.3,放
600127,金健米业,2024-02-06,5.61,28.2,1.2,5.5,3.5,5.6,5.4,放
600127,金健米业,2024-02-07,5.62,27.4,1.1,5.9,3.0,5.5,5.2,放
600127,金健米业,2024-02-08,5.91,29.9,4.6,5.6,3.4,6.0,2.0,放
600127,金健米业,2024-02-19,6.0,28.1,4.4,5.7,2.7,5.6,1.5,放
600127,金健米业,2024-02-20,5.97,27.0,4.2,4.9,2.3,5.4,1.2,放
600127,金健米业,2024-02-21,6.05,29.5,3.2,5.9,6.3,5.9,3.3,放
600127,金健米业,2024-02-22,6.15,27.8,3.2,6.1,2.4,5.6,2.8,放
600127,金健米业,2024-02-23,6.18,28.8,4.2,6.2,2.5,5.8,2.3,放
600127,金健米业,2024-02-26,6.19,28.2,3.1,6.4,2.3,5.6,3.0,放
600127,金健米业,2024-02-27,6.28,27.4,2.9,6.5,1.9,5.5,3.1,放
600127,金健米业,2024-02-28,6.91,35.8,6.6,3.4,3.1,7.2,3.3,放
600127,金健米业,2024-02-29,7.18,35.0,6.1,3.4,2.9,7.0,3.3,放
600127,金健米业,2024-03-01,6.93,27.6,4.7,5.7,1.7,5.5,2.8,放
600127,金健米业,2024-03-04,7.01,25.3,2.3,5.8,1.4,5.1,4.7,放
600127,金健米业,2024-03-05,6.73,22.1,0.7,3.5,1.3,4.4,4.8,放
600127,金健米业,2024-03-06,6.75,20.1,0.5,3.2,0.9,4.0,4.2,放
600127,金健米业,2024-03-07,6.72,21.4,0.7,3.6,1.0,4.3,4.2,放
600127,金健米业,2024-03-08,6.63,22.0,0.8,4.1,1.0,4.4,4.1,放
600127,金健米业,2024-03-11,6.71,22.8,0.9,4.8,0.9,4.6,4.0,放
600127,金健米业,2024-03-13,6.83,21.4,4.0,4.7,1.3,4.3,2.4,放
600127,金健米业,2024-03-19,6.85,24.7,3.8,3.4,1.6,4.9,2.7,放
600127,金健米业,2024-03-21,6.92,27.6,3.6,3.9,1.5,5.5,2.8,放
600127,金健米业,2024-04-01,6.76,20.6,2.3,6.0,1.5,4.1,3.1,放
600127,金健米业,2024-04-02,6.83,26.0,3.7,5.9,4.9,5.2,2.6,放
600127,金健米业,2024-04-03,6.94,30.5,4.5,3.4,2.5,6.1,2.8,放
600127,金健米业,2024-04-08,7.1,33.6,5.5,3.4,2.6,6.7,2.6,放
600127,金健米业,2024-04-09,6.97,26.7,2.9,6.1,1.8,5.3,3.6,放
600127,金健米业,2024-04-11,7.12,28.1,1.7,4.7,2.3,5.6,5.4,放
600127,金健米业,2024-04-12,7.04,26.1,2.0,6.3,2.1,5.2,4.6,放
600127,金健米业,2024-04-19,6.85,35.3,5.7,3.3,3.2,7.1,2.8,放
600127,金健米业,2024-04-22,6.72,30.9,5.0,3.8,2.6,6.2,2.1,放
600127,金健米业,2024-04-23,6.73,25.3,4.2,5.0,1.5,5.1,1.1,放
600127,金健米业,2024-04-24,6.63,24.2,0.7,4.0,1.5,4.8,4.2,放
600127,金健米业,2024-04-25,6.61,22.6,0.5,3.3,4.5,4.5,4.0,放
600127,金健米业,2024-04-26,6.62,24.5,0.7,4.2,1.3,4.9,4.1,放
600127,金健米业,2024-04-29,6.7,27.4,2.0,6.6,1.4,5.5,3.4,放
600127,金健米业,2024-04-30,6.64,28.0,1.6,5.9,1.6,5.6,3.9,放
600127,金健米业,2024-05-06,6.81,30.4,4.0,4.0,1.7,6.1,2.5,放
600127,金健米业,2024-05-14,6.77,20.1,1.3,5.4,1.4,4.0,4.3,放
600127,金健米业,2024-05-20,6.8,22.2,2.5,4.6,1.1,4.4,3.6,放
600127,金健米业,2024-06-12,6.32,24.2,4.5,5.3,2.1,4.8,1.8,放
600127,金健米业,2024-06-13,6.35,26.0,3.7,5.2,2.2,5.2,2.6,放
600127,金健米业,2024-06-14,6.45,32.3,5.0,3.3,6.0,6.5,2.5,放
600127,金健米业,2024-06-17,6.29,20.8,1.1,6.4,2.2,4.2,4.4,放
600127,金健米业,2024-06-20,6.31,21.4,1.3,6.4,2.2,4.3,4.2,放
600127,金健米业,2024-07-01,6.15,25.3,3.6,5.4,2.1,5.1,2.7,放
600127,金健米业,2024-07-02,6.14,24.1,3.8,6.0,1.9,4.8,2.4,放
600127,金健米业,2024-07-03,6.13,21.5,2.3,5.6,4.8,4.3,3.1,放
600127,金健米业,2024-07-17,5.99,21.6,1.9,4.4,6.0,4.3,4.2,放
600127,金健米业,2024-07-31,6.0,29.5,3.8,3.3,6.2,5.9,3.4,放
600127,金健米业,2024-08-01,6.03,31.1,4.7,3.3,2.5,6.2,3.1,放
600127,金健米业,2024-08-02,6.03,28.0,3.4,4.8,2.1,5.6,3.5,放
600127,金健米业,2024-08-05,6.02,27.8,1.7,4.6,2.4,5.6,5.2,放
600127,金健米业,2024-08-06,6.1,26.4,2.2,6.1,2.1,5.3,4.5,放
600127,金健米业,2024-08-07,6.0,20.0,0.9,5.4,1.9,4.0,4.8,放
600127,金健米业,2024-08-08,6.15,29.9,3.5,3.3,2.5,6.0,4.8,放
600127,金健米业,2024-08-26,5.89,35.0,4.3,3.3,3.7,7.0,5.0,放
600127,金健米业,2024-08-27,5.95,33.7,5.4,3.3,3.2,6.7,2.7,放
600127,金健米业,2024-08-28,6.24,35.0,5.7,3.4,6.1,7.0,3.3,放
600127,金健米业,2024-08-29,6.13,27.5,4.6,6.0,1.8,5.5,3.1,放
600127,金健米业,2024-08-30,6.14,25.4,3.7,5.7,1.6,5.1,3.3,放
600127,金健米业,2024-09-02,6.25,29.5,1.7,4.4,2.4,5.9,6.5,放
600127,金健米业,2024-09-03,6.4,27.5,4.6,6.0,2.1,5.5,3.1,放
600127,金健米业,2024-09-04,6.52,29.8,5.0,4.1,2.4,6.0,3.1,放
600127,金健米业,2024-09-05,6.37,24.8,2.6,5.3,1.6,5.0,3.9,放
600127,金健米业,2024-09-06,6.23,23.0,0.8,4.7,1.7,4.6,4.9,放
600127,金健米业,2024-09-09,6.36,23.3,0.9,5.2,1.6,4.7,4.8,放
600127,金健米业,2024-09-19,6.51,33.4,5.6,3.4,2.4,6.7,1.9,放
600127,金健米业,2024-09-20,6.39,22.4,2.5,6.2,4.7,4.5,3.2,放
600127,金健米业,2024-09-24,6.43,25.2,1.2,6.6,1.4,5.0,4.3,放
600127,金健米业,2024-09-25,6.46,27.4,2.2,5.5,1.7,5.5,3.9,放
600127,金健米业,2024-09-26,6.55,28.2,4.6,4.9,1.6,5.6,2.1,放
600127,金健米业,2024-09-27,6.74,28.3,4.8,4.8,1.8,5.7,1.6,放
600127,金健米业,2024-09-30,7.19,34.3,5.8,3.4,2.8,6.9,3.1,放
600127,金健米业,2024-10-08,7.33,31.3,5.3,3.4,2.5,6.3,3.0,放
600127,金健米业,2024-10-09,6.64,23.9,0.9,5.3,2.2,4.8,4.9,放
600127,金健米业,2024-10-10,6.9,22.8,0.8,4.3,1.7,4.6,4.6,放
600127,金健米业,2024-10-11,6.68,20.7,0.5,3.2,1.6,4.1,4.2,放
600127,金健米业,2024-10-14,7.1,25.2,4.5,6.6,1.7,5.0,1.7,放
600127,金健米业,2024-10-15,7.19,27.2,4.8,5.0,1.7,5.4,2.2,放
600127,金健米业,2024-10-16,7.14,24.6,4.5,6.3,1.4,4.9,1.2,放
600127,金健米业,2024-10-17,6.98,22.9,0.9,4.9,1.3,4.6,4.2,放
600127,金健米业,2024-10-18,7.0,24.1,1.0,5.7,1.5,4.8,4.4,放
600127,金健米业,2024-10-21,7.01,24.3,0.9,5.0,1.2,4.9,4.2,放
600127,金健米业,2024-10-22,7.15,28.5,3.4,5.1,1.5,5.7,2.9,放
600127,金健米业,2024-10-23,7.08,26.0,2.0,6.3,1.2,5.2,3.5,放
600127,金健米业,2024-10-24,6.98,21.7,0.7,4.2,1.0,4.3,3.9,放
600127,金健米业,2024-11-06,7.5,33.9,5.9,3.4,6.2,6.8,2.7,放
600127,金健米业,2024-11-07,7.42,28.8,5.0,4.1,2.0,5.8,2.0,放
600127,金健米业,2024-11-08,7.28,23.0,3.2,5.7,1.5,4.6,2.8,放
600127,金健米业,2024-11-11,7.32,22.6,0.7,4.3,1.3,4.5,4.4,放
600127,金健米业,2024-11-22,7.07,26.2,4.0,3.3,3.0,5.2,3.6,放
600127,金健米业,2024-11-25,7.13,23.3,2.8,4.7,2.1,4.7,3.3,放
600127,金健米业,2024-12-02,7.27,28.7,4.9,4.0,1.9,5.7,1.9,放
600127,金健米业,2024-12-04,7.41,34.3,5.7,3.4,2.8,6.9,3.3,放
600127,金健米业,2024-12-05,7.32,25.6,1.8,6.4,1.6,5.1,4.5,放
600127,金健米业,2024-12-06,7.35,24.2,2.8,5.3,1.2,4.8,3.2,放
600127,金健米业,2024-12-12,7.54,30.2,5.1,3.3,1.9,6.0,2.9,放
600127,金健米业,2024-12-16,7.54,27.0,3.7,4.9,1.7,5.4,3.3,放
600127,金健米业,2024-12-26,6.86,24.0,2.5,4.0,2.3,4.8,3.5,放
600127,金健米业,2024-12-27,7.04,33.3,4.7,3.2,2.5,6.7,2.5,放
600127,金健米业,2025-01-14,6.48,27.8,3.1,3.3,2.4,5.6,3.1,放
600127,金健米业,2025-01-16,6.44,21.1,3.1,6.4,2.0,4.2,2.5,放
600127,金健米业,2025-01-27,6.47,21.1,3.6,4.2,2.1,4.2,2.8,放
600127,金健米业,2025-02-07,6.53,23.8,2.4,4.0,2.7,4.8,4.5,放
600127,金健米业,2025-02-10,6.62,26.5,3.3,5.6,2.0,5.3,3.4,放
600127,金健米业,2025-02-11,6.55,20.2,1.6,5.6,1.5,4.0,4.0,放
600127,金健米业,2025-02-12,6.56,20.7,1.3,5.6,1.5,4.1,4.2,放
600127,金健米业,2025-02-17,6.76,31.6,5.0,3.3,2.8,6.3,4.6,放
600127,金健米业,2025-02-24,6.76,29.2,4.6,3.3,2.8,5.8,4.9,放
600127,金健米业,2025-03-14,6.65,21.2,2.9,3.3,2.4,4.2,4.4,放
600127,金健米业,2025-03-28,6.56,21.1,2.9,3.3,2.3,4.2,3.9,放
600127,金健米业,2025-04-03,6.68,33.0,5.9,3.4,6.2,6.6,3.5,放
600127,金健米业,2025-04-07,6.95,34.0,6.8,3.4,3.2,6.8,3.3,放
600127,金健米业,2025-04-08,7.5,34.0,6.0,3.4,2.8,6.8,3.3,放
600127,金健米业,2025-04-09,7.17,30.2,5.1,3.3,2.9,6.0,3.3,放
600127,金健米业,2025-04-10,7.89,26.6,4.8,6.0,2.1,5.3,3.3,放
600127,金健米业,2025-04-11,7.41,27.0,1.4,5.5,2.8,5.4,6.7,放
600127,金健米业,2025-04-14,7.41,24.2,3.8,5.3,2.1,4.8,3.6,放
600127,金健米业,2025-04-15,7.34,23.2,0.9,4.8,2.0,4.6,5.3,放
600127,金健米业,2025-04-16,7.04,22.2,0.8,4.2,2.0,4.4,4.8,放
600127,金健米业,2025-05-06,6.74,22.9,3.9,5.3,2.2,4.6,1.9,放
600127,金健米业,2025-05-07,7.18,36.2,6.5,3.3,3.6,7.2,1.9,放
600127,金健米业,2025-05-08,7.1,32.0,5.1,3.3,5.8,6.4,1.3,放
600127,金健米业,2025-05-09,7.01,27.7,4.5,6.5,2.1,5.5,1.7,放
600127,金健米业,2025-05-12,6.92,25.0,0.7,4.3,1.9,5.0,4.2,放
600127,金健米业,2025-05-13,6.87,22.4,0.5,3.3,1.7,4.5,4.0,放
600127,金健米业,2025-05-14,6.91,23.9,0.7,4.2,1.4,4.8,4.0,放
600127,金健米业,2025-05-15,6.96,24.9,1.5,6.3,1.6,5.0,3.9,放
600127,金健米业,2025-06-10,6.88,24.6,4.3,3.3,3.3,4.9,4.7,放
600127,金健米业,2025-06-13,6.91,22.5,2.1,3.3,2.8,4.5,6.0,放
600127,金健米业,2025-06-17,6.95,20.7,3.7,5.9,1.8,4.1,3.4,放
600127,金健米业,2025-06-23,6.95,21.3,1.9,5.2,1.7,4.3,4.7,放
600127,金健米业,2025-07-03,6.97,24.0,2.8,4.1,1.3,4.8,3.5,放
600127,金健米业,2025-07-21,7.02,20.3,3.0,4.0,1.8,4.1,3.7,放
600127,金健米业,2025-07-24,7.19,33.6,4.7,3.4,2.9,6.7,5.1,放
600127,金健米业,2025-07-25,7.04,20.5,1.7,4.7,2.4,4.1,5.5,放
600127,金健米业,2025-10-13,6.85,26.7,4.6,3.3,6.6,5.3,3.5,放
600127,金健米业,2025-10-14,6.86,23.3,3.2,4.2,2.6,4.7,3.8,放
600127,金健米业,2025-11-11,6.95,23.4,3.8,3.3,2.5,4.7,4.3,放
600127,金健米业,2025-11-17,7.04,24.4,3.0,3.3,2.4,4.9,4.8,放
600127,金健米业,2025-11-19,7.08,27.1,3.5,3.3,2.5,5.4,4.7,放
600127,金健米业,2025-11-21,7.09,27.3,3.5,3.3,2.7,5.5,5.7,放
600127,金健米业,2025-11-24,7.23,26.5,3.4,3.7,2.1,5.3,5.3,放
600127,金健米业,2025-12-02,7.2,31.7,5.3,3.4,2.3,6.3,2.3,放
600127,金健米业,2025-12-03,7.12,24.9,4.3,6.5,1.5,5.0,2.0,放
600127,金健米业,2025-12-05,7.11,21.9,0.8,4.4,4.4,4.4,4.1,放
600127,金健米业,2025-12-08,7.13,23.0,0.8,4.2,0.9,4.6,3.9,放
600127,金健米业,2025-12-09,7.15,25.7,3.1,6.4,1.1,5.1,2.5,放
600127,金健米业,2025-12-10,7.18,26.9,2.1,6.0,1.1,5.4,3.5,放
600127,金健米业,2025-12-19,6.95,24.6,1.4,5.0,2.0,4.9,4.5,放
600127,金健米业,2025-12-22,7.02,25.2,4.4,6.0,1.4,5.0,0.9,放
600127,金健米业,2025-12-26,6.92,20.8,2.2,6.5,1.6,4.2,3.3,放
600127,金健米业,2026-01-22,6.9,20.9,2.9,4.1,5.9,4.2,3.7,放
600127,金健米业,2026-01-26,7.01,28.1,4.3,3.3,2.5,5.6,3.2,放
600127,金健米业,2026-01-28,7.09,31.2,4.1,3.3,2.6,6.2,4.3,放
600127,金健米业,2026-01-29,7.16,29.6,3.5,3.3,2.4,5.9,4.6,放
600127,金健米业,2026-01-30,7.28,30.7,5.3,3.3,2.5,6.1,3.3,放
600127,金健米业,2026-03-02,7.01,34.9,6.1,3.3,2.9,7.0,2.5,放
600127,金健米业,2026-03-03,7.1,34.7,5.6,3.3,2.7,6.9,2.3,放
600127,金健米业,2026-03-04,7.36,34.9,5.7,3.4,2.7,7.0,3.2,放
600127,金健米业,2026-03-05,7.0,27.0,1.2,6.2,2.3,5.4,5.3,放
600127,金健米业,2026-03-06,7.11,23.8,0.9,4.4,1.6,4.8,4.6,放
600127,金健米业,2026-03-09,7.4,28.5,2.0,4.4,2.4,5.7,6.0,放
600127,金健米业,2026-03-10,7.29,23.7,4.2,5.0,1.4,4.7,2.2,放
600127,金健米业,2026-03-11,7.28,22.6,2.7,4.1,1.1,4.5,2.9,放
600127,金健米业,2026-03-12,7.3,22.5,0.8,4.6,1.1,4.5,4.5,放
600127,金健米业,2026-03-13,7.35,24.0,1.7,5.8,1.3,4.8,4.2,放
600127,金健米业,2026-03-16,7.51,26.0,3.9,5.9,1.3,5.2,2.7,放
600127,金健米业,2026-03-17,7.28,20.8,1.0,5.7,1.4,4.2,4.4,放
600127,金健米业,2026-03-25,6.75,21.4,1.1,6.4,2.2,4.3,4.3,放
600127,金健米业,2026-03-27,6.83,24.3,4.3,5.5,1.8,4.9,1.3,放
600127,金健米业,2026-03-30,7.51,28.8,4.8,5.4,0.9,5.8,0.9,放
600127,金健米业,2026-03-31,7.51,35.5,6.1,3.4,6.2,7.1,2.5,放
600127,金健米业,2026-04-01,7.37,28.1,4.6,5.9,1.4,5.6,1.4,放
600127,金健米业,2026-04-02,7.47,26.8,1.1,6.3,1.1,5.4,4.6,放
600127,金健米业,2026-04-03,7.26,25.5,0.9,5.2,1.3,5.1,4.5,放
600127,金健米业,2026-04-07,7.64,27.6,4.3,6.3,1.5,5.5,2.7,放
600127,金健米业,2026-04-08,7.35,27.7,1.3,5.9,1.8,5.5,4.9,放
600127,金健米业,2026-04-09,7.49,28.5,4.0,5.3,1.8,5.7,3.0,放
600127,金健米业,2026-04-10,7.29,25.4,1.0,5.7,1.6,5.1,4.6,放
600127,金健米业,2026-04-13,7.49,21.1,3.0,5.3,2.0,4.2,4.0,放
603272,联翔股份,2024-02-07,8.8,20.2,1.6,2.8,4.4,4.0,6.9,放
603272,联翔股份,2024-02-08,9.4,40.1,2.0,2.3,4.4,8.0,7.7,放
603272,联翔股份,2024-02-19,10.09,35.3,3.8,3.9,3.3,7.1,4.6,放
603272,联翔股份,2024-02-20,10.25,29.3,4.0,2.7,2.0,5.9,1.8,放
603272,联翔股份,2024-02-21,10.78,32.6,4.6,5.6,2.8,6.5,2.4,放
603272,联翔股份,2024-02-22,11.31,30.3,4.3,4.2,2.1,6.1,1.7,放
603272,联翔股份,2024-02-23,11.75,30.4,4.3,4.4,5.2,6.1,1.3,放
603272,联翔股份,2024-02-26,12.55,31.8,4.6,5.9,1.9,6.4,1.1,放
603272,联翔股份,2024-02-27,13.13,32.1,4.7,6.3,1.7,6.4,1.2,放
603272,联翔股份,2024-02-28,11.79,38.5,2.3,3.0,3.3,7.7,5.5,放
603272,联翔股份,2024-02-29,12.16,32.7,1.3,5.6,2.4,6.5,4.9,放
603272,联翔股份,2024-03-01,12.43,28.4,0.8,4.5,1.7,5.7,4.3,放
603272,联翔股份,2024-03-04,11.86,26.7,1.2,3.8,1.5,5.3,3.7,放
603272,联翔股份,2024-03-05,11.42,25.4,0.7,3.8,1.6,5.1,4.1,放
603272,联翔股份,2024-03-07,12.1,31.0,3.4,3.4,1.9,6.2,3.2,放
603272,联翔股份,2024-03-08,12.44,26.8,4.7,6.0,1.2,5.4,0.9,放
603272,联翔股份,2024-03-11,12.2,29.2,4.9,4.4,1.7,5.8,1.6,放
603272,联翔股份,2024-03-12,12.41,28.4,3.5,5.6,4.8,5.7,2.7,放
603272,联翔股份,2024-03-13,12.33,24.1,0.8,4.1,0.7,4.8,4.0,放
603272,联翔股份,2024-03-14,12.18,25.3,0.9,5.1,0.9,5.1,4.0,放
603272,联翔股份,2024-03-15,12.55,25.5,1.9,5.3,0.8,5.1,3.3,放
603272,联翔股份,2024-03-18,12.76,27.4,4.1,6.5,1.0,5.5,1.9,放
603272,联翔股份,2024-03-19,12.95,28.0,4.7,5.7,1.0,5.6,0.9,放
603272,联翔股份,2024-03-20,13.03,23.7,4.0,4.5,0.4,4.7,1.4,放
603272,联翔股份,2024-03-21,13.01,24.6,2.6,5.3,0.6,4.9,2.7,放
603272,联翔股份,2024-03-22,12.74,23.7,1.0,5.7,0.9,4.7,4.0,放
603272,联翔股份,2024-03-26,12.71,25.2,1.4,5.0,1.4,5.0,4.3,放
603272,联翔股份,2024-03-29,12.84,23.0,1.9,5.9,1.0,4.6,3.5,放
603272,联翔股份,2024-04-01,13.15,26.3,4.6,6.1,1.1,5.3,1.1,放
603272,联翔股份,2024-04-02,13.23,26.0,4.5,6.6,4.2,5.2,0.9,放
603272,联翔股份,2024-04-03,13.45,30.3,5.1,3.3,2.3,6.1,1.8,放
603272,联翔股份,2024-04-17,10.45,36.5,2.1,3.0,4.2,7.3,6.0,放
603272,联翔股份,2024-04-18,10.58,32.0,1.5,4.0,3.3,6.4,5.6,放
603272,联翔股份,2024-04-19,10.15,20.9,3.4,4.2,2.2,4.2,2.7,放
603272,联翔股份,2024-04-23,10.17,25.7,1.2,5.7,3.2,5.1,5.3,放
603272,联翔股份,2024-04-24,10.25,27.9,2.0,6.2,2.8,5.6,4.4,放
603272,联翔股份,2024-04-25,10.47,27.8,4.3,4.9,2.1,5.6,1.2,放
603272,联翔股份,2024-04-26,10.43,27.5,3.0,4.7,2.0,5.5,2.8,放
603272,联翔股份,2024-04-29,10.95,31.3,4.8,5.0,6.1,6.3,1.5,放
603272,联翔股份,2024-04-30,10.68,30.1,2.9,5.9,2.5,6.0,3.3,放
603272,联翔股份,2024-05-06,11.63,33.4,5.1,3.4,3.2,6.7,1.7,放
603272,联翔股份,2024-05-07,11.34,33.4,4.7,3.5,3.4,6.7,2.9,放
603272,联翔股份,2024-05-08,10.96,26.2,3.0,4.6,2.0,5.2,2.6,放
603272,联翔股份,2024-05-09,11.21,25.0,0.7,4.1,1.5,5.0,4.2,放
603272,联翔股份,2024-05-10,10.92,24.3,0.7,3.9,1.5,4.9,4.1,放
603272,联翔股份,2024-05-14,10.76,21.8,1.2,6.2,2.0,4.4,4.3,放
603272,联翔股份,2024-05-15,10.99,22.1,1.7,6.4,1.7,4.4,3.8,放
603272,联翔股份,2024-05-16,11.29,26.2,4.6,6.1,1.3,5.2,0.9,放
603272,联翔股份,2024-05-17,11.44,26.4,4.6,6.0,1.2,5.3,1.0,放
603272,联翔股份,2024-05-20,11.48,27.7,4.7,5.7,4.5,5.5,1.5,放
603272,联翔股份,2024-05-21,11.19,26.1,1.1,6.3,1.1,5.2,4.3,放
603272,联翔股份,2024-05-22,11.0,23.7,1.2,6.1,1.6,4.7,4.5,放
603272,联翔股份,2024-06-07,8.51,30.9,1.2,5.5,3.6,6.2,5.6,放
603272,联翔股份,2024-06-11,8.32,28.1,0.9,5.1,2.8,5.6,5.1,放
603272,联翔股份,2024-06-12,8.78,28.0,4.2,4.5,2.1,5.6,1.4,放
603272,联翔股份,2024-06-13,8.67,26.8,2.3,3.5,1.6,5.4,3.2,放
603272,联翔股份,2024-06-14,8.56,26.0,3.0,2.9,1.6,5.2,2.3,放
603272,联翔股份,2024-06-17,8.21,23.8,1.0,5.5,2.4,4.8,4.6,放
603272,联翔股份,2024-06-18,8.5,28.8,1.0,5.5,5.4,5.8,4.3,放
603272,联翔股份,2024-06-19,8.52,26.7,0.7,4.0,1.7,5.3,4.0,放
603272,联翔股份,2024-06-20,8.21,24.2,1.2,5.9,2.3,4.8,4.4,放
603272,联翔股份,2024-06-25,8.06,25.4,1.4,4.5,2.7,5.1,4.5,放
603272,联翔股份,2024-06-26,8.35,31.1,3.7,4.7,2.6,6.2,2.7,放
603272,联翔股份,2024-06-27,8.3,29.1,4.5,6.3,2.3,5.8,1.0,放
603272,联翔股份,2024-06-28,8.25,26.5,2.8,4.7,1.9,5.3,2.5,放
603272,联翔股份,2024-07-01,8.51,31.5,3.3,3.7,6.2,6.3,3.5,放
603272,联翔股份,2024-07-02,8.73,26.7,4.5,6.3,1.7,5.3,1.0,放
603272,联翔股份,2024-07-03,8.55,24.7,3.9,4.9,1.2,4.9,1.6,放
603272,联翔股份,2024-07-04,8.3,24.9,0.9,5.1,1.4,5.0,4.1,放
603272,联翔股份,2024-07-05,8.58,25.0,0.9,5.1,1.0,5.0,4.2,放
603272,联翔股份,2024-07-11,8.27,27.5,2.7,5.8,2.2,5.5,3.5,放
603272,联翔股份,2024-07-12,8.22,24.0,0.8,4.7,1.5,4.8,4.1,放
603272,联翔股份,2024-07-26,7.96,23.9,2.7,6.2,2.2,4.8,3.3,放
603272,联翔股份,2024-07-29,8.11,27.0,4.5,6.6,5.3,5.4,1.1,放
603272,联翔股份,2024-07-30,8.19,30.1,4.9,4.0,3.2,6.0,1.7,放
603272,联翔股份,2024-07-31,8.44,29.2,4.9,4.8,2.6,5.8,1.8,放
603272,联翔股份,2024-08-01,8.45,26.1,4.4,6.2,1.6,5.2,1.8,放
603272,联翔股份,2024-08-02,8.45,24.4,3.6,5.2,1.3,4.9,2.3,放
603272,联翔股份,2024-08-05,8.26,27.2,1.3,5.7,2.6,5.4,5.0,放
603272,联翔股份,2024-08-06,8.51,25.6,1.7,6.2,1.5,5.1,4.1,放
603272,联翔股份,2024-08-07,8.57,23.2,2.0,4.4,0.6,4.6,3.2,放
603272,联翔股份,2024-08-08,8.56,22.8,3.8,4.4,0.5,4.6,1.7,放
603272,联翔股份,2024-08-09,8.56,23.1,1.4,5.1,0.6,4.6,3.8,放
603272,联翔股份,2024-08-12,8.62,26.4,1.8,5.5,1.3,5.3,4.1,放
603272,联翔股份,2024-08-13,8.75,25.9,3.2,5.9,1.1,5.2,2.9,放
603272,联翔股份,2024-08-14,8.92,28.6,5.0,4.0,1.9,5.7,1.9,放
603272,联翔股份,2024-08-15,8.79,26.8,3.0,5.5,1.8,5.4,3.3,放
603272,联翔股份,2024-08-16,8.62,20.9,0.8,4.7,1.0,4.2,4.1,放
603272,联翔股份,2024-08-30,8.51,26.8,4.5,5.1,2.8,5.4,2.3,放
603272,联翔股份,2024-09-02,8.48,23.0,2.4,6.0,5.5,4.6,3.3,放
603272,联翔股份,2024-09-05,8.64,26.3,2.7,6.5,2.0,5.3,3.1,放
603272,联翔股份,2024-09-09,8.46,21.5,2.5,5.7,2.4,4.3,3.4,放
603272,联翔股份,2024-09-10,8.61,21.0,1.2,6.4,2.0,4.2,4.4,放
603272,联翔股份,2024-09-19,8.55,24.6,1.7,3.8,2.5,4.9,4.8,放
603272,联翔股份,2024-09-24,8.75,26.7,3.2,6.0,1.5,5.3,3.0,放
603272,联翔股份,2024-09-25,8.86,27.2,4.7,5.6,5.1,5.4,1.4,放
603272,联翔股份,2024-09-26,9.1,28.2,4.9,4.7,2.0,5.6,1.5,放
603272,联翔股份,2024-09-27,9.37,27.5,4.8,5.3,2.0,5.5,1.5,放
603272,联翔股份,2024-09-30,10.09,33.3,5.7,3.4,2.7,6.7,3.1,放
603272,联翔股份,2024-10-08,10.8,32.6,5.6,3.4,2.6,6.5,3.3,放
603272,联翔股份,2024-10-09,9.71,28.3,4.6,4.2,2.9,5.7,3.8,放
603272,联翔股份,2024-10-10,9.78,24.8,1.1,6.0,2.2,5.0,5.4,放
603272,联翔股份,2024-10-11,9.5,22.3,0.8,4.1,2.0,4.5,4.8,放
603272,联翔股份,2024-10-14,9.74,21.4,1.0,3.7,1.5,4.3,4.3,放
603272,联翔股份,2024-10-15,9.88,24.2,1.9,6.0,1.9,4.8,4.2,放
603272,联翔股份,2024-10-16,9.99,23.7,4.4,5.6,1.5,4.7,1.2,放
603272,联翔股份,2024-10-17,10.04,23.2,3.5,5.1,1.3,4.6,2.2,放
603272,联翔股份,2024-10-18,10.3,27.1,4.8,4.9,5.2,5.4,1.9,放
603272,联翔股份,2024-10-21,10.25,26.3,3.4,6.3,1.6,5.3,2.8,放
603272,联翔股份,2024-10-22,10.6,30.2,5.0,4.0,2.0,6.0,1.6,放
603272,联翔股份,2024-10-23,10.78,26.9,4.6,6.6,1.3,5.4,1.4,放
603272,联翔股份,2024-10-24,11.27,28.6,4.8,5.3,1.8,5.7,1.6,放
603272,联翔股份,2024-10-25,11.65,31.2,5.2,3.3,2.5,6.2,2.2,放
603272,联翔股份,2024-10-28,12.52,29.8,5.2,4.0,2.4,6.0,2.2,放
603272,联翔股份,2024-10-29,12.16,26.1,4.6,6.4,1.7,5.2,1.5,放
603272,联翔股份,2024-10-30,12.37,26.3,4.6,6.4,1.9,5.3,1.6,放
603272,联翔股份,2024-10-31,12.65,23.7,1.9,4.8,1.1,4.7,3.8,放
603272,联翔股份,2024-11-01,11.93,28.8,1.6,4.1,2.7,5.8,5.4,放
603272,联翔股份,2024-11-04,12.36,23.2,0.9,4.8,1.1,4.6,4.4,放
603272,联翔股份,2024-11-05,12.59,22.3,0.9,4.3,0.8,4.5,4.2,放
603272,联翔股份,2024-11-06,13.04,23.4,4.4,5.3,0.9,4.7,1.0,放
603272,联翔股份,2024-11-07,13.44,23.2,4.4,5.2,0.9,4.6,1.0,放
603272,联翔股份,2024-11-08,13.38,24.4,4.5,6.1,0.9,4.9,0.9,放
603272,联翔股份,2024-11-11,13.61,24.4,4.4,5.5,0.7,4.9,1.2,放
603272,联翔股份,2024-11-12,14.12,28.9,5.0,4.0,1.6,5.8,1.4,放
603272,联翔股份,2024-11-13,14.45,25.3,4.6,6.1,0.9,5.1,0.9,放
603272,联翔股份,2024-11-14,14.44,26.3,4.7,6.2,1.1,5.3,1.0,放
603272,联翔股份,2024-11-15,14.7,25.1,4.6,6.3,0.8,5.0,1.5,放
603272,联翔股份,2024-11-18,13.79,25.7,1.3,6.0,1.5,5.1,4.4,放
603272,联翔股份,2024-11-19,13.55,22.8,1.4,5.4,1.7,4.6,4.5,放
603272,联翔股份,2024-11-20,14.14,22.5,0.8,4.6,0.7,4.5,4.0,放
603272,联翔股份,2024-11-21,14.1,20.3,2.4,3.2,0.5,4.1,2.2,放
603272,联翔股份,2024-11-25,14.64,26.3,4.3,5.6,1.2,5.3,1.9,放
603272,联翔股份,2024-11-26,14.66,26.7,4.6,5.8,4.3,5.3,1.5,放
603272,联翔股份,2024-11-27,14.69,24.6,4.3,5.5,0.6,4.9,0.6,放
603272,联翔股份,2024-11-28,15.54,27.2,4.7,5.8,1.1,5.4,1.0,放
603272,联翔股份,2024-11-29,15.16,26.2,4.0,6.5,1.0,5.2,2.0,放
603272,联翔股份,2024-12-02,15.87,27.1,4.7,6.0,1.4,5.4,1.0,放
603272,联翔股份,2024-12-03,16.1,26.5,4.3,6.3,1.2,5.3,1.9,放
603272,联翔股份,2024-12-04,15.5,26.3,3.1,6.3,1.6,5.3,2.9,放
603272,联翔股份,2024-12-05,16.18,24.9,2.7,5.6,1.0,5.0,2.9,放
603272,联翔股份,2024-12-06,16.55,22.3,3.2,4.4,0.5,4.5,2.1,放
603272,联翔股份,2024-12-09,17.07,27.1,4.9,5.0,1.6,5.4,1.2,放
603272,联翔股份,2024-12-10,17.09,30.5,5.3,3.3,2.5,6.1,1.9,放
603272,联翔股份,2024-12-11,17.19,24.6,4.4,6.2,1.2,4.9,1.8,放
603272,联翔股份,2024-12-12,17.21,25.8,1.9,6.2,1.4,5.2,4.1,放
603272,联翔股份,2024-12-13,17.67,28.1,4.5,4.1,2.4,5.6,3.1,放
603272,联翔股份,2024-12-16,17.66,24.4,3.4,5.7,1.3,4.9,2.8,放
603272,联翔股份,2024-12-17,16.39,30.4,1.8,3.2,3.0,6.1,5.8,放
603272,联翔股份,2024-12-20,16.96,23.8,3.8,4.8,1.1,4.8,2.0,放
603272,联翔股份,2024-12-23,15.92,22.3,2.5,5.5,2.5,4.5,4.0,放
603272,联翔股份,2025-01-07,12.78,28.9,0.9,5.0,2.1,5.8,4.5,放
603272,联翔股份,2025-01-08,12.95,28.9,4.3,5.1,2.0,5.8,1.1,放
603272,联翔股份,2025-01-09,13.15,27.9,4.2,4.4,1.7,5.6,0.9,放
603272,联翔股份,2025-01-10,12.96,29.3,2.2,5.5,1.9,5.9,3.4,放
603272,联翔股份,2025-01-13,12.77,27.6,0.8,4.3,1.8,5.5,4.2,放
603272,联翔股份,2025-01-14,13.46,29.1,3.0,5.9,5.2,5.8,2.5,放
603272,联翔股份,2025-01-15,14.82,37.8,5.7,3.3,2.6,7.6,1.7,放
603272,联翔股份,2025-01-16,14.18,36.9,5.5,3.2,3.5,7.4,2.1,放
603272,联翔股份,2025-01-17,13.42,32.5,1.5,4.3,3.2,6.5,5.2,放
603272,联翔股份,2025-01-20,14.77,28.2,1.2,6.6,2.4,5.6,4.8,放
603272,联翔股份,2025-01-21,14.38,31.4,2.9,3.5,3.1,6.3,5.1,放
603272,联翔股份,2025-01-22,14.35,25.7,4.3,5.5,1.6,5.1,1.5,放
603272,联翔股份,2025-01-23,14.92,27.0,2.0,6.5,1.5,5.4,4.4,放
603272,联翔股份,2025-01-24,14.99,24.3,4.2,4.4,0.8,4.9,1.6,放
603272,联翔股份,2025-01-27,15.48,25.0,4.5,6.4,1.4,5.0,1.5,放
603272,联翔股份,2025-02-05,15.25,22.7,2.7,4.5,0.8,4.5,2.8,放
603272,联翔股份,2025-02-06,15.24,22.8,2.1,3.5,0.6,4.6,2.9,放
603272,联翔股份,2025-02-07,14.95,26.4,1.2,6.4,1.3,5.3,4.3,放
603272,联翔股份,2025-02-10,15.06,23.8,1.0,5.3,0.9,4.8,4.1,放
603272,联翔股份,2025-02-11,15.08,23.3,0.9,4.8,0.7,4.7,3.9,放
603272,联翔股份,2025-02-12,14.97,25.3,1.5,5.0,1.4,5.1,4.2,放
603272,联翔股份,2025-02-17,15.74,32.2,5.4,3.4,1.9,6.4,1.5,放
603272,联翔股份,2025-02-18,15.09,20.8,3.9,6.0,1.4,4.2,2.2,放
603272,联翔股份,2025-02-19,15.24,20.9,3.7,4.7,4.2,4.2,1.6,放
603272,联翔股份,2025-02-20,15.25,20.3,0.7,4.0,0.8,4.1,3.8,放
603272,联翔股份,2025-02-26,15.13,21.9,2.7,5.8,1.7,4.4,3.2,放
603272,联翔股份,2025-03-04,15.32,22.9,3.2,6.4,1.5,4.6,2.6,放
603272,联翔股份,2025-03-05,15.4,24.3,4.4,6.1,4.6,4.9,1.1,放
603272,联翔股份,2025-03-06,15.57,26.6,4.6,6.3,1.2,5.3,1.2,放
603272,联翔股份,2025-03-07,16.05,31.8,5.3,3.4,2.2,6.4,2.1,放
603272,联翔股份,2025-03-10,16.49,30.8,5.2,3.3,2.4,6.2,2.0,放
603272,联翔股份,2025-03-11,16.65,24.9,4.4,5.7,1.1,5.0,1.1,放
603272,联翔股份,2025-03-12,16.66,26.7,4.4,6.1,1.7,5.3,2.4,放
603272,联翔股份,2025-03-13,16.59,25.0,1.5,5.7,1.4,5.0,4.3,放
603272,联翔股份,2025-03-14,16.85,24.6,2.0,5.6,1.2,4.9,3.7,放
603272,联翔股份,2025-03-17,17.53,25.8,4.7,5.9,1.6,5.2,1.4,放
603272,联翔股份,2025-03-18,16.92,23.7,2.7,5.5,1.4,4.7,3.1,放
603272,联翔股份,2025-03-19,16.62,22.8,0.9,4.8,1.2,4.6,4.2,放
603272,联翔股份,2025-04-01,15.52,32.0,3.3,3.2,3.9,6.4,4.4,放
603272,联翔股份,2025-04-02,16.12,32.6,5.2,3.3,3.4,6.5,1.9,放
603272,联翔股份,2025-04-03,15.8,25.7,4.2,5.1,2.0,5.1,1.0,放
603272,联翔股份,2025-04-09,14.15,28.7,1.0,5.8,2.7,5.7,4.8,放
603272,联翔股份,2025-04-10,15.05,32.1,4.9,4.3,2.9,6.4,1.7,放
603272,联翔股份,2025-04-11,14.83,27.4,4.2,4.8,1.8,5.5,1.1,放
603272,联翔股份,2025-04-14,14.87,26.2,4.1,3.9,1.5,5.2,0.8,放
603272,联翔股份,2025-04-15,14.71,24.2,0.5,3.2,1.2,4.8,3.9,放
603272,联翔股份,2025-04-16,14.52,25.2,0.6,3.7,4.7,5.0,4.0,放
603272,联翔股份,2025-04-17,14.73,26.4,0.9,5.0,1.3,5.3,3.9,放
603272,联翔股份,2025-04-18,14.74,27.6,1.2,6.0,1.2,5.5,3.8,放
603272,联翔股份,2025-04-21,14.99,31.4,4.2,4.2,1.5,6.3,2.0,放
603272,联翔股份,2025-04-22,14.92,27.5,2.3,6.3,1.3,5.5,3.1,放
603272,联翔股份,2025-04-23,15.15,27.0,3.8,4.6,1.5,5.4,2.4,放
603272,联翔股份,2025-04-24,15.14,23.4,1.9,6.0,1.1,4.7,3.3,放
603272,联翔股份,2025-04-25,15.27,25.7,3.0,5.9,1.0,5.1,2.4,放
603272,联翔股份,2025-04-28,15.08,24.0,1.3,5.7,1.4,4.8,4.2,放
603272,联翔股份,2025-04-29,15.72,30.0,4.8,4.0,1.6,6.0,2.0,放
603272,联翔股份,2025-04-30,16.26,33.1,5.4,3.4,2.2,6.6,1.9,放
603272,联翔股份,2025-05-06,16.97,31.4,5.3,3.4,2.4,6.3,2.3,放
603272,联翔股份,2025-05-07,16.96,24.3,4.5,5.9,1.3,4.9,1.4,放
603272,联翔股份,2025-05-08,17.26,23.7,4.4,5.4,1.2,4.7,1.3,放
603272,联翔股份,2025-05-09,17.38,21.6,2.8,3.8,0.7,4.3,2.7,放
603272,联翔股份,2025-05-12,17.31,23.6,2.7,5.3,1.1,4.7,3.2,放
603272,联翔股份,2025-05-13,17.19,24.3,1.1,5.9,1.1,4.9,4.5,放
603272,联翔股份,2025-05-14,17.1,23.7,1.0,5.3,0.9,4.7,4.3,放
603272,联翔股份,2025-05-15,17.13,24.7,1.1,6.3,1.1,4.9,4.4,放
603272,联翔股份,2025-05-16,17.24,23.5,1.2,5.4,0.8,4.7,4.0,放
603272,联翔股份,2025-05-20,17.68,23.3,4.0,5.9,1.2,4.7,2.4,放
603272,联翔股份,2025-06-06,17.2,20.9,2.4,6.6,1.7,4.2,3.3,放
603272,联翔股份,2025-06-09,17.29,22.9,2.1,6.5,1.3,4.6,3.4,放
603272,联翔股份,2025-06-10,17.2,25.7,2.5,3.3,2.8,5.1,4.1,放
603272,联翔股份,2025-06-16,17.24,23.8,2.3,3.5,3.1,4.8,4.5,放
603272,联翔股份,2025-06-27,16.76,22.9,1.9,5.6,2.1,4.6,4.1,放
603272,联翔股份,2025-06-30,16.94,25.9,2.7,6.2,4.9,5.2,3.3,放
603272,联翔股份,2025-07-01,17.17,28.2,4.5,4.9,1.7,5.6,2.3,放
603272,联翔股份,2025-07-02,17.01,24.7,2.2,5.5,1.1,4.9,3.3,放
603272,联翔股份,2025-07-03,17.06,23.1,1.3,4.2,0.7,4.6,3.5,放
603272,联翔股份,2025-07-04,16.86,22.7,1.0,6.1,1.4,4.5,4.3,放
603272,联翔股份,2025-07-07,17.2,24.3,2.4,4.8,1.7,4.9,3.9,放
603272,联翔股份,2025-07-16,17.4,20.4,4.1,6.7,4.9,4.1,2.2,放
603272,联翔股份,2025-07-17,17.43,25.3,2.6,3.3,2.4,5.1,4.8,放
603272,联翔股份,2025-07-18,17.56,22.0,2.8,5.4,1.0,4.4,3.0,放
603272,联翔股份,2025-07-21,17.7,23.4,2.3,5.1,0.9,4.7,3.3,放
603272,联翔股份,2025-07-23,17.79,25.4,2.3,6.6,1.4,5.1,3.8,放
603272,联翔股份,2025-07-24,18.08,26.7,3.1,5.6,1.5,5.3,3.3,放
603272,联翔股份,2025-07-25,18.37,26.2,4.7,5.7,1.5,5.2,1.4,放
603272,联翔股份,2025-07-28,19.45,33.4,6.6,3.4,3.1,6.7,3.3,放
603272,联翔股份,2025-07-29,18.35,29.2,3.0,3.3,2.6,5.8,5.6,放
603272,联翔股份,2025-07-30,18.23,20.9,0.8,4.4,1.5,4.2,4.8,放
603272,联翔股份,2025-08-04,18.45,21.3,1.6,3.5,1.1,4.3,3.3,放
603272,联翔股份,2025-08-05,19.02,24.6,4.5,6.3,1.0,4.9,0.9,放
603272,联翔股份,2025-08-06,19.11,24.0,4.4,5.9,4.1,4.8,0.8,放
603272,联翔股份,2025-08-07,18.92,23.9,3.1,5.5,0.8,4.8,2.3,放
603272,联翔股份,2025-08-08,19.34,29.5,3.1,3.4,1.1,5.9,3.4,放
603272,联翔股份,2025-08-11,19.5,24.8,2.7,5.4,0.4,5.0,2.6,放
603272,联翔股份,2025-08-12,19.46,25.5,3.4,5.9,0.5,5.1,2.1,放
603272,联翔股份,2025-08-13,19.48,26.5,1.8,6.5,0.6,5.3,3.7,放
603272,联翔股份,2025-08-14,19.2,27.1,1.3,5.8,1.0,5.4,4.3,放
603272,联翔股份,2025-08-15,19.02,20.8,1.3,5.6,1.1,4.2,4.3,放
603272,联翔股份,2025-08-19,19.31,23.1,2.4,3.3,1.7,4.6,4.9,放
603272,联翔股份,2025-08-20,19.76,22.8,4.0,4.5,0.5,4.6,1.5,放
603272,联翔股份,2025-09-04,18.34,20.7,1.6,5.3,2.5,4.1,4.5,放
603272,联翔股份,2025-09-08,18.95,26.8,4.5,6.5,1.6,5.4,1.0,放
603272,联翔股份,2025-09-09,19.37,31.0,5.1,3.3,5.6,6.2,1.6,放
603272,联翔股份,2025-09-10,19.6,25.3,4.3,5.6,0.8,5.1,0.9,放
603272,联翔股份,2025-09-11,19.78,30.3,5.0,3.7,1.9,6.1,2.1,放
603272,联翔股份,2025-09-12,20.08,24.5,4.0,5.0,0.6,4.9,1.8,放
603272,联翔股份,2025-09-15,20.05,26.9,3.1,6.4,1.3,5.4,3.1,放
603272,联翔股份,2025-09-16,20.37,24.9,3.4,5.3,0.7,5.0,2.3,放
603272,联翔股份,2025-09-17,20.19,24.5,1.4,5.4,1.0,4.9,3.9,放
603272,联翔股份,2025-09-18,19.64,26.1,1.2,6.3,1.7,5.2,4.5,放
603272,联翔股份,2025-09-30,19.46,24.8,4.5,6.3,1.5,5.0,1.3,放
603272,联翔股份,2025-10-10,19.28,23.4,2.3,4.9,5.7,4.7,3.8,放
603272,联翔股份,2025-10-21,20.07,30.4,5.0,3.7,2.7,6.1,1.8,放
603272,联翔股份,2025-10-22,20.5,28.5,4.8,5.1,5.6,5.7,1.7,放
603272,联翔股份,2025-10-23,20.45,26.5,4.6,6.3,2.0,5.3,1.5,放
603272,联翔股份,2025-10-24,22.5,34.3,5.8,3.4,2.8,6.9,3.3,放
603272,联翔股份,2025-10-27,21.91,31.8,5.4,3.3,2.8,6.4,3.3,放
603272,联翔股份,2025-10-28,22.36,25.7,4.6,6.5,1.5,5.1,2.1,放
603272,联翔股份,2025-10-29,22.03,25.3,1.1,6.1,1.7,5.1,5.4,放
603272,联翔股份,2025-10-30,21.8,21.4,0.6,3.2,0.9,4.3,4.4,放
603272,联翔股份,2025-10-31,22.49,23.8,1.5,5.2,1.1,4.8,4.4,放
603272,联翔股份,2025-11-03,22.4,23.8,2.4,5.5,1.0,4.8,3.5,放
603272,联翔股份,2025-11-04,21.8,22.8,0.9,4.8,1.0,4.6,4.3,放
603272,联翔股份,2025-11-05,22.46,24.8,1.2,6.4,1.0,5.0,4.4,放
603272,联翔股份,2025-11-06,22.85,24.0,2.8,6.3,0.9,4.8,3.1,放
603272,联翔股份,2025-11-25,20.49,28.7,2.6,5.2,2.8,5.7,4.0,放
603272,联翔股份,2025-12-05,19.27,21.4,1.4,5.0,2.9,4.3,4.7,放
603272,联翔股份,2025-12-08,19.58,24.7,2.3,6.3,2.2,4.9,3.4,放
603272,联翔股份,2025-12-09,19.9,28.8,4.7,5.5,2.4,5.8,1.2,放
603272,联翔股份,2025-12-19,18.99,22.2,4.1,5.9,1.7,4.4,1.7,放
603272,联翔股份,2025-12-31,20.11,34.7,6.1,3.4,6.3,6.9,3.3,放
603272,联翔股份,2026-01-05,19.33,34.7,6.0,3.4,3.6,6.9,3.4,放
603272,联翔股份,2026-01-06,19.24,26.0,4.4,6.4,1.9,5.2,2.0,放
603272,联翔股份,2026-01-07,19.4,25.2,1.0,5.7,1.8,5.0,5.2,放
603272,联翔股份,2026-01-08,20.65,28.5,4.9,4.5,2.2,5.7,3.3,放
603272,联翔股份,2026-01-09,21.47,24.2,4.4,5.5,1.3,4.8,1.9,放
603272,联翔股份,2026-01-12,21.36,24.3,4.4,5.6,1.2,4.9,1.6,放
603272,联翔股份,2026-01-13,21.59,23.3,4.3,4.7,0.9,4.7,1.6,放
603272,联翔股份,2026-01-14,21.13,23.2,0.9,4.6,1.1,4.6,4.6,放
603272,联翔股份,2026-01-15,21.5,23.2,1.5,5.1,0.9,4.6,3.9,放
603272,联翔股份,2026-01-16,23.17,31.8,5.4,3.3,2.4,6.4,2.4,放
603272,联翔股份,2026-01-19,22.37,25.4,4.5,6.3,1.4,5.1,1.3,放
603272,联翔股份,2026-01-20,22.1,23.5,3.2,4.8,1.2,4.7,2.4,放
603272,联翔股份,2026-01-21,22.17,20.8,0.6,3.2,0.8,4.2,3.9,放
603272,联翔股份,2026-01-22,22.91,23.1,3.0,5.0,0.9,4.6,2.6,放
603272,联翔股份,2026-01-23,22.92,24.6,4.2,6.1,0.9,4.9,1.7,放
603272,联翔股份,2026-01-30,21.36,20.1,1.2,6.4,1.6,4.0,4.2,放
603272,联翔股份,2026-02-03,22.1,28.7,4.8,5.1,1.5,5.7,1.0,放
603272,联翔股份,2026-02-04,22.9,30.0,5.0,4.1,1.5,6.0,1.3,放
603272,联翔股份,2026-02-05,22.69,26.4,4.5,6.4,4.5,5.3,1.0,放
603272,联翔股份,2026-02-06,23.13,26.4,4.5,6.4,0.9,5.3,1.2,放
603272,联翔股份,2026-02-09,23.46,24.2,2.9,4.6,0.5,4.8,2.5,放
603272,联翔股份,2026-02-10,23.1,24.2,2.3,4.6,0.6,4.8,2.8,放
603272,联翔股份,2026-02-11,23.29,25.8,1.6,5.8,0.7,5.2,3.7,放
603272,联翔股份,2026-02-12,23.06,23.5,0.8,4.3,0.6,4.7,3.9,放
603272,联翔股份,2026-02-13,23.5,30.7,3.2,3.3,1.4,6.1,3.6,放
603272,联翔股份,2026-02-24,25.14,31.9,5.4,3.4,2.6,6.4,1.9,放
603272,联翔股份,2026-02-25,25.66,28.7,5.1,3.8,2.3,5.7,1.8,放
603272,联翔股份,2026-02-26,25.35,24.8,4.5,6.3,1.6,5.0,1.3,放
603272,联翔股份,2026-02-27,24.98,21.3,0.7,3.6,0.8,4.3,4.1,放
603272,联翔股份,2026-03-09,23.26,26.9,4.6,6.0,2.1,5.4,1.1,放
603272,联翔股份,2026-03-10,23.44,26.5,4.4,6.1,1.6,5.3,0.8,放
603272,联翔股份,2026-03-11,23.23,24.9,3.3,4.6,1.4,5.0,1.9,放
603272,联翔股份,2026-03-12,23.74,28.1,3.0,6.1,5.2,5.6,2.9,放
603272,联翔股份,2026-03-13,23.96,28.3,3.1,5.9,1.8,5.7,2.9,放
603272,联翔股份,2026-03-16,23.05,27.4,1.1,6.5,1.9,5.5,4.2,放
603272,联翔股份,2026-03-17,22.67,23.6,1.1,6.4,2.1,4.7,4.3,放
603272,联翔股份,2026-03-18,23.1,25.2,1.0,5.9,1.9,5.0,4.2,放
603272,联翔股份,2026-03-23,23.98,34.1,5.2,3.3,2.9,6.8,2.5,放
603272,联翔股份,2026-03-24,25.18,35.8,6.6,3.5,6.7,7.2,3.3,放
603272,联翔股份,2026-03-25,26.71,32.2,5.3,3.5,2.1,6.4,3.1,放
603272,联翔股份,2026-03-26,29.38,27.3,4.8,6.7,1.5,5.5,2.2,放
603272,联翔股份,2026-03-27,32.32,27.3,5.0,6.1,1.8,5.5,2.6,放
603272,联翔股份,2026-03-30,35.55,28.1,5.1,5.4,2.3,5.6,3.1,放
603272,联翔股份,2026-03-31,33.0,28.5,5.0,4.8,2.6,5.7,3.0,放
603272,联翔股份,2026-04-01,33.08,26.7,3.3,6.2,2.2,5.3,4.0,放
603272,联翔股份,2026-04-02,31.8,23.6,0.9,4.0,1.7,4.7,4.7,放
603272,联翔股份,2026-04-03,30.62,21.5,0.8,3.5,1.6,4.3,4.4,放
603272,联翔股份,2026-04-07,30.12,24.0,1.1,5.6,2.1,4.8,4.8,放
603272,联翔股份,2026-04-08,33.13,20.0,4.0,3.2,0.8,4.0,1.1,放
603272,联翔股份,2026-04-09,33.65,28.6,5.1,3.7,2.1,5.7,1.6,放
603272,联翔股份,2026-04-10,37.02,22.8,4.5,4.9,0.9,4.6,0.8,放
603272,联翔股份,2026-04-13,33.95,30.5,3.9,3.1,5.7,6.1,3.4,放
603272,联翔股份,2026-04-14,33.38,26.4,1.1,5.5,1.4,5.3,4.2,放
603272,联翔股份,2026-04-15,33.08,24.9,0.9,4.4,1.4,5.0,4.1,放
603272,联翔股份,2026-04-16,31.4,26.0,1.3,5.7,2.1,5.2,4.4,放
